,Ticker,Score,PE_Ratio,PB_Ratio,ROE,Dividend_Yield,Upside_Potential,Current_Price,Target_Price
94,CE,10,5.2563667,1.3956213,0.15095,0.0227,57.644272179155884,92.88,146.42
180,EG,10,5.4747233,0.98386836,0.20858,0.023,24.648379052369073,350.875,437.36
69,BWA,9,8.356436,1.1993747,0.15923999,0.013200001,21.356635071090047,33.76,40.97
41,APTV,9,6.0935416,1.447734,0.24212,,43.89619883040936,54.72,78.74
38,APA,8,2.53842,1.5994954,0.7938,0.0425,47.51652099765511,23.455,34.6
77,BG,8,10.633714,1.1558545,0.10922,0.0324,30.54827175208581,83.9,109.53
223,HAL,8,9.411961,2.5015452,0.28903,0.0242,46.17013766325451,28.33,41.41
136,CVS,8,9.817171,0.9248131,0.097279996,0.048699997,22.144184149712267,55.1725,67.39
131,CTRA,8,14.042424,1.3083743,0.095979996,0.0364,31.89469141130772,23.17,30.56
411,SLB,8,12.945337,2.6429462,0.21722999,0.0273,43.61649279682067,40.26,57.82
150,DG,8,12.650078,2.463803,0.20882,0.028800001,23.002212933366106,81.34,100.05
147,FANG,8,9.0300255,1.3645046,0.122650005,0.059899997,24.40666949061705,174.4601,217.04
145,DVN,8,7.0777755,1.9583758,0.29691,0.0511,33.00936890810193,39.1401,52.06
243,HII,8,10.687634,1.7621353,0.17666,0.028299998,27.067065374739798,189.278,240.51
43,ADM,8,10.049821,1.0888119,0.1075,0.036199998,22.299063827425524,50.4501,61.7
120,COP,8,12.935943,2.5161514,0.20376,0.0287,21.852361302154975,109.05,132.88
96,CNC,7,11.166667,1.2077146,0.11559,,28.5902095738922,64.655,83.14
431,SYF,7,7.3155847,1.4856526,0.21279,0.0182,6.586188531865789,56.33,60.04
430,SMCI,7,13.378109,2.885193,0.32469,,147.63852733358127,26.89,66.59
42,ACGL,7,6.4449663,1.6778488,0.30441,,26.762470061439124,96.03,121.73
316,MGM,7,12.924803,3.31253,0.2901,,40.23771360114474,36.0602,50.57
457,USB,6,14.607692,1.4237516,0.09779,0.0424,11.300684570826757,47.475,52.84
475,VICI,6,11.70937,1.2679086,0.111899994,0.0546,12.82511948328815,31.6153,35.67
317,MCHP,6,29.653387,6.233669,0.20696,0.024400001,23.12239688297728,74.43,91.64
0,MMM,6,13.2518215,14.940168,1.1329399,0.0222,13.702394974479803,127.35,144.8
489,WFC,6,13.245322,1.2944452,0.099139996,0.0251,5.069847747606326,63.71,66.94
28,AIG,6,14.249523,1.0938574,0.08733,0.021,13.460767277101993,74.81,84.88
255,IPG,6,13.985849,2.9644072,0.21792999,0.044699997,6.812816188870152,29.65,31.67
435,TROW,6,12.447973,2.4632623,0.20495,0.044099998,-0.9766827980642323,113.65,112.54
199,FMC,6,5.183749,1.711953,0.38454,0.0366,14.575272314088172,63.1899,72.4
391,QCOM,6,21.102753,7.455555,0.38924,0.020599999,26.252559726962453,164.8125,208.08
160,EMN,6,13.508042,2.064959,0.15925,0.0324,13.843405775528428,100.77,114.72
399,RF,6,13.309322,1.2653078,0.10042,0.0428,9.264565425023875,23.5575,25.74
7,AES,6,10.628472,3.307759,-0.02549,0.045300003,43.22116955243387,15.305,21.92
217,GPC,6,14.972938,3.4407296,0.24416,0.0345,12.918495567604783,116.19,131.2
426,STT,6,14.518808,1.1842088,0.0855,0.033,6.952391233941491,92.63,99.07
118,CMCSA,6,11.551887,1.915847,0.16884,0.0292,11.345738785510108,42.8575,47.72
355,OMC,6,14.029371,5.0706067,0.33923998,0.0275,11.592579969813531,102.695,114.6
171,EOG,6,9.429667,2.382503,0.27056998,0.0296,15.415600242255568,122.0199,140.83
384,PRU,6,10.652716,1.3999181,0.13773,0.0431,6.235894006520115,119.63,127.09
18,ALL,6,11.925614,2.5883756,0.23783001,0.0202,15.143461517600464,184.37,212.29
300,MPC,6,7.8568435,2.3959765,0.28934,0.0251,15.624374290862963,149.83,173.24
298,MTB,6,14.236686,1.212587,0.08676,0.028299998,5.8811305070656905,192.48,203.8
297,LYB,6,12.859438,2.0064328,0.1586,0.0637,19.135699762932212,84.7437,100.96
292,LKQ,6,13.841328,1.571626,0.117740005,0.0319,36.07038123167157,37.51,51.04
107,CINF,6,7.1726623,1.5804431,0.25135002,0.0234,5.315947843530577,139.58,147.0
98,CF,6,13.722662,2.9061923,0.1792,0.0231,0.2771682642337403,86.59,86.83
231,HPE,6,14.131206,1.1717831,0.086660005,0.025999999,6.148055207026348,19.925,21.15
437,TPR,6,14.052857,3.9085348,0.31538,0.028800001,7.756429805835108,49.185,53.0
268,JPM,6,12.252639,1.9153061,0.16216,0.0228,2.9800836554483734,220.5475,227.12
324,TAP,6,10.244038,0.9653992,0.0879,0.031600002,7.28998746193803,55.83,59.9
200,F,5,11.971591,0.94484305,0.0799,0.0579,13.431419079259598,10.535,11.95
20,GOOG,5,22.726128,6.690157,0.32101002,0.0047,22.126579323626405,171.355,209.27
40,AMAT,5,20.871202,8.119065,0.4391,0.0088,24.64900697943897,185.545,231.28
466,UHS,5,14.011326,2.1183734,0.16341,0.0038,17.797536969235892,210.31,247.74
5,ADBE,5,41.181934,14.854979,0.35355,,28.42534523772744,485.535,623.55
288,LEN,5,11.678405,1.7391305,0.15878001,0.0116,13.86549840691853,175.76,200.13
453,TRMB,5,9.993453,2.6566308,0.30337,,16.033409760890915,61.06,70.85
279,KLAC,5,30.702606,25.265217,0.90577006,0.0087,20.903761456969416,672.08,812.57
46,AIZ,5,12.78052,1.9847296,0.16811001,0.0150999995,14.208163691408293,191.58,218.8
289,LLY,5,86.87486,50.889732,0.65318,0.0064999997,25.22568388114188,805.33,1008.48
496,WYNN,5,11.159793,,,0.0105,36.69745958429562,86.6,118.38
474,VTRS,5,,0.7076048,-0.03203,0.0419,34.082073434125284,11.575,15.52
19,GOOGL,5,22.53785,6.625932,0.32101002,0.0047,21.50727711979259,169.71,206.21
220,GL,5,8.817797,1.7921426,,0.0093,24.190293128303697,104.05,129.22
406,ROST,5,22.859678,9.173463,0.43236,0.0105,21.66090453679532,141.73,172.43
144,DAL,5,8.092718,2.7412968,0.4067,0.0105,8.503217734817525,58.3485,63.31
452,TRV,5,12.524911,1.998705,0.19059,0.0173,9.24710899696548,243.86,266.41
284,LRCX,5,24.5534,11.570841,0.49116,0.0124,24.278370897587976,75.87,94.29
299,MRO,5,10.763672,1.3745198,0.13327,0.016,13.33696243875886,27.555,31.23
294,L,5,10.325798,1.0412756,0.110139996,0.0033000002,,77.65,
388,PHM,5,9.726735,2.3389215,0.26705,0.0062,14.806378132118446,131.7,151.2
356,ON,5,17.3598,3.4690335,0.2183,,22.2555746140652,69.96,85.53
360,PCAR,5,12.070471,3.03118,0.27142,0.0114,3.88286535075526,107.91,112.1
167,ELV,5,15.2204,2.213592,0.15504,0.0156,26.979415988511235,417.8,530.52
398,REGN,5,20.472559,3.0440927,0.17166,,33.41021476485753,828.115,1104.79
156,DHI,5,11.993724,2.201641,0.19631,0.0094,10.866910866910873,171.99,190.68
196,FSLR,5,18.285961,2.9930918,0.17964001,,31.82289213377296,212.3,279.86
146,DXCM,5,41.761272,13.598993,0.32061002,,39.276493663115474,68.9061,95.97
142,DE,5,13.627047,4.7400675,0.35481,0.0146,4.884305897958918,399.545,419.06
353,OXY,5,13.010364,1.9135073,0.14427,0.0174,25.92592592592593,50.22,63.24
204,FOX,5,9.9511,1.6747593,0.17711,0.0135,,40.7,
203,FOXA,5,10.695599,1.8000575,0.17711,0.0126,-2.343124928563256,43.745,42.72
209,GE,5,34.335484,9.982276,0.22552,0.0064999997,20.828878986723986,174.0809,210.34
149,DFS,5,12.274557,2.216971,0.20263,0.0188,1.7317153164972288,152.45,155.09
219,GPN,5,20.226414,1.1955346,0.06064,0.0095,22.472014925373117,107.2,131.29
427,STLD,5,12.162917,2.2923985,0.19703,0.0138,0.31081181084882115,135.13,135.55
216,GM,5,5.69904,0.82808673,0.14167,0.0093,10.636704119850183,53.4,59.08
326,MPWR,5,85.84139,15.82896,0.20214,0.0064999997,24.837183703956068,763.13,952.67
101,CHTR,5,12.070511,3.884642,0.32965,,2.453462107640769,385.17,394.62
351,NXPI,5,20.690542,6.2478795,0.31456,0.0171,30.132367914922508,220.975,287.56
123,CEG,5,25.705297,5.7990537,0.22846001,0.0062,20.769461977757754,232.89,281.26
432,SNPS,5,54.176292,10.471039,0.21819,,22.06618332667314,525.51,641.47
347,NRG,5,9.9561405,6.337242,0.59641,0.0185,5.374449339207055,90.8,95.68
263,JBL,5,11.480287,8.389758,0.60295,0.0025,12.06681236340932,128.12,143.58
319,MSFT,5,34.04756,10.638488,0.35604,0.0081,20.72345646021354,411.635,496.94
104,CB,5,11.349057,1.6958721,0.16125,0.013200001,8.587227583215862,276.69,300.45
443,TER,5,33.441082,5.8955135,0.19206,0.0046,26.613018427693923,105.005,132.95
458,UBER,5,36.42118,10.526052,0.34326,,21.59329140461217,73.935,89.9
440,TEL,5,14.362668,3.6050491,0.26461,0.0173,13.85091913002492,148.51,169.08
462,UAL,5,9.486293,2.2884498,0.27245,,14.687774846086189,79.59,91.28
224,HIG,5,11.129919,1.9334438,0.19740999,0.0187,12.58953217745864,110.854,124.81
57,BAC,4,15.115943,1.1794974,0.08092,0.0252,10.690316395014388,41.72,46.18
66,BK,4,16.957497,1.4638575,0.08563,0.0251,7.269129287598952,75.8,81.31
65,BX,4,57.810993,18.434143,0.22041,0.0207,-0.7014206740771467,168.23,167.05
280,KHC,4,30.166666,0.8376695,0.027999999,0.0479,11.333432880394213,33.485,37.28
281,KR,4,15.002619,4.644999,0.24285999,0.0227,3.4374454719944048,57.31,59.28
61,BBY,4,15.967184,6.397481,0.4241,0.0405,12.75283937263385,92.45,104.24
312,MRK,4,21.262552,5.9131374,,0.030199999,32.26742755940375,101.635,134.43
467,VLO,4,11.557168,1.6473604,0.13797,0.032899998,17.11122103420721,131.405,153.89
21,MO,4,9.164696,,,0.0757,-0.8570638650815643,54.255,53.79
29,AMT,4,51.033657,27.242397,0.17691,0.0306,13.59868111163447,212.3,241.17
33,AMGN,4,40.74074,22.779207,0.5572,0.028399998,4.764890282131651,319.0,334.2
275,KMB,4,17.424871,34.913055,2.30998,0.0365,12.079988105857865,134.52,150.77
494,WMB,4,22.905172,5.2833567,0.20376,0.0364,-6.3041023710952215,53.14,49.79
308,MKC,4,26.821428,3.9031336,0.15067,0.0215,9.022890114767602,78.855,85.97
109,CSCO,4,22.086615,4.9453454,0.22982,0.0287,1.21212121212122,56.1,56.78
270,K,4,26.998327,7.6234775,0.26036,0.028299998,-78.9532362960669,80.725,16.99
83,CPB,4,24.746033,3.6734211,0.15203,0.0319,9.963651913619831,46.77,51.43
433,SYY,4,19.594088,16.960615,0.88346,0.0271,11.071751879403301,76.221,84.66
266,JNJ,4,26.18543,5.4268465,0.20889,0.0313,11.102680829539713,158.16,175.72
463,UPS,4,21.480806,6.7549706,0.31422,0.049000002,11.577477267778423,133.181,148.6
461,UNP,4,21.405245,8.515096,0.43396,0.0233,11.326958203502713,232.675,259.03
79,CHRW,4,36.212803,7.5350995,0.22818,0.0242,4.438392814485681,104.655,109.3
445,TXN,4,37.68587,10.70825,0.29293,0.026700001,1.7953144266337873,202.75,206.39
247,ITW,4,23.055794,23.210398,1.08036,0.0227,-3.7726292092674085,266.525,256.47
244,IBM,4,30.235037,7.833207,0.26729,0.0324,3.157742262565777,207.11,213.65
229,HSY,4,19.913525,9.060735,0.47917998,0.0306,8.401068923282494,179.62,194.71
439,TGT,4,15.592554,4.8235707,0.33968,0.0299,16.812574612017507,150.78,176.13
112,CLX,4,56.447918,335.1959,2.08451,0.03,-1.4516823522174982,162.57,160.21
420,SNA,4,17.123781,3.1973453,0.20599002,0.0225,1.0797840431913786,333.4,337.0
110,C,4,18.058405,0.6220009,0.03874,0.035,15.516289342904477,63.385,73.22
234,HD,4,26.809685,89.56638,5.13362,0.0228,2.0568905834545737,398.66,406.86
215,GIS,4,16.208334,4.0790343,0.24168,0.0352,9.878810135879545,68.075,74.8
416,SPG,4,23.05851,21.172161,0.81232,0.048800003,-1.6320645905421038,173.4,170.57
117,CL,4,27.033045,176.8327,4.87923,0.0214,11.857560457082105,94.075,105.23
115,KO,4,27.12033,10.622461,0.3723,0.0298,13.968788249693986,65.36,74.49
417,SWKS,4,18.17975,2.2176576,0.12777,0.0318,26.54847141720651,87.99,111.35
111,CFG,4,16.480392,0.819904,0.05426,0.0404,11.052944675788234,42.025,46.67
343,NSC,4,23.541706,4.122532,0.18303,0.0218,9.630160436323099,251.19,275.38
235,HON,4,24.280693,7.8553047,0.31865,0.0218,6.876465966743828,210.2708,224.73
344,NTRS,4,12.622665,1.693454,0.13732,0.0299,2.190213101815308,101.36,103.58
239,HPQ,4,12.754386,,,0.0306,-2.8885832187070304,36.35,35.3
242,HBAN,4,15.03398,1.2352425,0.08545,0.0402,7.846302873748789,15.485,16.7
181,EVRG,4,18.875,1.4313475,0.07796,0.043,6.407284768211907,60.4,64.27
135,CMI,4,25.3078,5.073108,0.1894,0.0224,-5.014849384811204,353.55,335.82
133,CCI,4,38.39007,8.891992,0.20527,0.057800002,8.294845741732848,108.26,117.24
195,FITB,4,14.346667,1.5591943,0.119160004,0.0345,8.875464684014878,43.04,46.86
138,DRI,4,18.527105,8.841856,0.48619,0.0353,14.069600946274052,160.63,183.23
396,O,4,54.055553,1.3285694,0.02513,0.0533,10.859883521754021,58.38,64.72
374,PSX,4,15.575352,1.7535625,0.11121,0.038,20.249272272559548,121.955,146.65
177,ERIE,4,37.7591,10.855502,0.31418,0.0127,,404.4,
381,PG,4,28.696026,7.665159,0.28766,0.024400001,8.359915738790246,166.15,180.04
370,PEP,4,24.712076,11.843238,0.48819,0.0326,8.823266485890535,167.795,182.6
187,XOM,4,14.737235,1.9364128,0.14513999,0.0334,9.97126922426903,118.34,130.14
357,OKE,4,20.84428,3.403383,0.16875,0.0414,3.4304009757585074,98.385,101.76
366,PAYX,4,29.825161,13.07412,0.45672,0.028099999,-4.5324563911924525,139.88,133.54
183,EXC,4,15.7674885,1.4461764,0.0933,0.04,12.932271956152963,38.315,43.27
193,FDX,4,16.974052,2.4706454,0.1507,0.020399999,11.593505183037433,274.8099,306.67
378,PPG,4,19.725832,3.7078853,0.19149,0.021300001,18.807744838113607,124.47,147.88
293,LMT,4,19.728655,17.874,0.81037,0.024300002,10.733541169998183,545.3,603.83
387,PSA,4,34.982365,11.226406,0.19163999,0.0361,3.8786584823414127,337.23,350.31
10,APD,4,26.713293,4.52641,0.16211,0.0231,8.247959150486217,307.47,332.83
14,ARE,4,69.006096,1.0700036,0.02132,0.046,17.593001678890175,113.17,133.08
485,WBD,4,,0.58410054,-0.28667,,26.450824679291387,8.185,10.35
482,WBA,3,,0.790388,-0.75969005,0.1071,4.9712192569335345,9.555,10.03
480,GWW,3,30.310133,15.559867,0.52611,0.0075,-5.316116348688615,1119.05,1059.56
479,WRB,3,14.868895,2.832101,,0.0053,8.41977869986168,57.84,62.71
487,WAT,3,36.850475,14.329148,0.4964,,-2.2045331196857365,386.93,378.4
486,WM,3,32.900455,10.856489,0.35025,0.0139999995,7.706635407062135,215.827,232.46
483,WMT,3,43.526043,7.953745,0.18531999,0.0101,2.9316740457101975,83.57,86.02
16,ALLE,3,21.583076,7.762408,0.40822,0.0138,5.26765984745885,140.29,147.68
15,ALGN,3,36.112625,4.0097013,0.11401,,22.077308382950566,211.62,258.34
11,ABNB,3,18.74966,10.919103,0.74175,,-5.3261737174370545,137.81,130.47
9,A,3,29.247915,6.838285,0.24658,0.0068,5.9975781750837065,140.39,148.81
8,AFL,3,15.606984,2.354992,0.16038,0.0191,-1.2043604512781414,105.035,103.77
50,ADP,3,31.092949,22.183855,0.87263,0.019299999,1.3331958904580388,291.03,294.91
303,MMC,3,27.270937,7.9437513,0.32048,0.0147,5.473265895953761,221.44,233.56
301,MKTX,3,40.172665,7.936328,0.21017,0.010299999,0.222063037249276,279.2,279.82
296,LULU,3,24.676859,9.78441,0.43159,,-1.2028542303771594,318.825,314.99
291,LYV,3,106.51818,,0.52389,,6.307075189895017,117.17,124.56
498,XYL,3,35.122128,2.8037758,0.08081,0.0119,24.311720188177553,122.225,151.94
1,AOS,3,19.907652,5.707693,0.29544002,0.018099999,9.595758780649422,75.45,82.69
163,ECL,3,34.60364,10.532441,0.25164,0.0093,10.094305257619297,247.07,272.01
382,PGR,3,17.872818,5.3044453,0.36411,0.0017,11.060057740007313,245.93,273.13
377,POOL,3,31.119108,9.654658,0.31463,0.013300001,5.182288798325807,363.16,381.98
369,PNR,3,25.40375,4.7988195,0.20408002,0.0092,7.818727550066429,101.615,109.56
368,PYPL,3,18.88756,3.93687,0.22188,,11.956934768841032,78.95,88.39
367,PAYC,3,26.008423,8.029498,0.32584998,0.0070999996,-8.309813538148337,216.13,198.17
365,PH,3,29.29955,6.491582,0.24641001,0.010199999,5.972788069797819,650.45,689.3
363,PANW,3,50.20548,23.047415,0.74517995,,5.375170532060025,366.5,386.2
358,ORCL,3,44.154663,43.894463,1.55578,0.0094,5.842805368430226,171.3201,181.33
191,FAST,3,38.915424,12.457398,0.32698002,0.02,-9.192022500639219,78.22,71.03
189,FDS,3,33.66691,9.2867775,0.30411,0.009,-1.8783255336880633,467.97,459.18
188,FFIV,3,24.337696,4.314794,0.19117,,1.3488222007099093,232.425,235.56
185,EXPD,3,26.004282,7.846989,0.28525,0.0121,-4.240777338603419,121.44,116.29
184,EXPE,3,29.84296,24.327545,0.25459,,-6.586826347305397,165.33,154.44
162,EBAY,3,15.382872,5.430858,0.35851002,0.0179,1.0152284263959421,61.07,61.69
161,ETN,3,35.75,6.947057,0.20079,0.0114,7.010861478946584,336.05,359.61
154,DOV,3,17.375113,4.605976,0.2911,0.0109,9.853633037114484,191.3,210.15
401,RMD,3,32.576157,6.9489174,0.23565,0.0087,1.5247001423053463,245.95,249.7
400,RSG,3,32.226036,5.6287665,0.18284,0.0116,10.774035244256064,201.735,223.47
394,RJF,3,15.050568,2.696596,0.19348,0.0124,1.3645090510148172,145.84,147.83
393,RL,3,19.58937,5.3449507,0.28403,0.0165,0.9913686806411803,202.75,204.76
182,ES,3,,1.5087546,,0.045100003,21.886237332461576,61.18,74.57
179,EL,3,117.64285,4.651885,0.03857,0.0211,20.9016393442623,65.88,79.65
210,GEHC,3,24.021917,4.8162594,0.21853,0.0014,10.32162408759123,87.68,96.73
208,IT,3,48.81113,61.481903,1.34407,,2.049687624876939,513.005,523.52
207,GRMN,3,25.95934,5.22921,0.21909,0.015,-18.458149779735688,204.3,166.59
206,FCX,3,33.86232,3.728259,0.16870001,0.012999999,18.895784292745567,46.73,55.56
205,BEN,3,24.564705,0.8469557,0.0427,0.0615,-3.5919540229885083,20.88,20.13
201,FTNT,3,46.384613,207.93103,4.30883,,-0.26789131266742316,78.39,78.18
407,RCL,3,21.03009,8.002061,0.44263,0.0078,4.464157962512516,209.67,219.03
403,ROK,3,30.431896,9.14722,0.25676,0.0198,2.5642938400999515,268.105,274.98
141,DECK,3,28.654594,11.088814,0.4357,,16.32395104356137,162.185,188.66
139,DVA,3,15.87069,31.470087,0.44884,,8.90141227593697,147.28,160.39
134,CSX,3,18.042553,5.058911,0.29458,0.014400001,13.443396226415082,33.92,38.48
226,HCA,3,16.402966,,11.954511,0.0073,12.67493769342427,365.13,411.41
221,GDDY,3,13.481541,66.081825,,,9.108227169901184,167.98,183.28
214,GD,3,22.557165,3.536603,0.16952999,0.019299999,11.366784929886808,295.95,329.59
354,ODFL,3,36.0,10.5388365,0.30241,0.0050999997,-6.32418758513329,205.56,192.56
350,NVR,3,19.20917,6.7378488,0.38716,,4.8166121950414365,9390.21,9842.5
349,NVDA,3,65.19579,58.918495,1.23767,0.00029999999,6.702312946623756,139.519,148.87
103,CMG,3,51.96759,21.179245,0.45673,,16.31180400890868,56.125,65.28
130,COST,3,53.551,16.645533,0.30267,0.0052,5.602136723240236,887.34,937.05
127,CPAY,3,23.986546,8.322356,0.3341,,10.474053636129344,329.815,364.36
125,CPRT,3,37.846428,6.781646,0.20129,,7.936208360856845,52.985,57.19
122,STZ,3,75.72293,5.4827404,0.07111,0.016900001,22.584850906338062,237.77,291.47
116,CTSH,3,16.659292,2.5843432,0.16478,0.016,9.08366533864542,75.3,82.14
415,SHW,3,37.71984,22.811577,0.64452004,0.0076,4.940131631115685,378.33,397.02
414,NOW,3,151.2453,21.497068,0.16221,,3.0372842133537192,967.97,997.37
429,SYK,3,39.580475,6.9792833,0.18868,0.0087,7.438531811651172,368.89,396.33
419,SW,3,,1.4997146,,0.0364,10.17090911188403,52.0101,57.3
108,CTAS,3,52.772724,20.956678,0.40462002,0.0075,-0.46894439659297404,208.98,208.0
106,CI,3,29.85227,2.0931158,0.07606,0.0179,25.729602842278897,315.24,396.35
348,NUE,3,13.841827,1.6626819,0.13221,0.0150999995,12.687992775520108,143.955,162.22
346,NCLH,3,22.583334,9.970953,0.69788,,4.952417945232068,25.745,27.02
345,NOC,3,31.416258,5.0443435,0.15484,0.0162,9.500196001568018,510.2,558.67
342,NDSN,3,30.7771,5.063017,0.17406,0.0126,11.99540921323412,252.68,282.99
340,NKE,3,22.293495,8.319535,0.3798,0.019199999,18.129717766241704,77.8043,91.91
240,HUBB,3,31.340532,7.2672033,0.25344,0.0124,4.713773775613328,435.32,455.84
238,HWM,3,45.057777,9.794223,0.23174,0.0032,6.628526336555529,101.38,108.1
230,HES,3,16.138273,3.9404256,0.2885,0.014400001,16.72029210802213,138.305,161.43
258,IVZ,3,,0.7425225,-0.00944,0.0469,7.774647887323938,17.75,19.13
257,ISRG,3,82.76122,11.804384,0.15973,,4.416861917394432,516.43,539.24
256,INTU,3,59.32452,9.379371,0.16597,0.0067000003,17.810284047165602,616.975,726.86
251,INTC,3,,1.0063206,-0.15597,0.0224,8.238330823833074,23.245,25.16
250,PODD,3,43.341156,16.861658,0.50931,,3.1360626379575818,240.11,247.64
246,IDXX,3,39.94407,21.001877,0.59424,,18.074936024334875,414.22,489.09
336,NEM,3,,1.769983,-0.05159,0.0219,29.5627583206439,45.97,59.56
335,NFLX,3,43.232265,14.380119,0.34714,,-0.0008503996551278981,764.3465,764.34
334,NTAP,3,22.76908,25.67299,1.2042199,0.018,13.596905887408672,116.35,132.17
331,MSI,3,54.259388,96.15017,2.51541,0.0086,-0.7160007787319622,462.29,458.98
330,MOS,3,37.233334,0.76416826,0.02269,0.0297,18.531781557743955,27.925,33.1
438,TRGP,3,37.46737,15.808313,0.29883,0.0177,-3.197168062032929,177.97,172.28
95,COR,3,25.553144,50.170357,1.87717,0.0087,9.651952461799663,235.6,258.34
93,CDW,3,23.430317,10.866928,0.53360003,0.013099999,16.743191067515383,191.66,223.75
91,CBOE,3,29.196184,5.330448,0.19518,0.012,-0.013999066728886955,214.3,214.27
90,CAT,3,17.805943,9.574139,0.53475,0.015,-5.243260155394491,383.54,363.43
87,CCL,3,19.286581,3.3257627,0.20120001,,6.7568346088906495,22.5653,24.09
84,COF,3,15.603772,1.0864638,0.07479,0.0149,1.3301088270858408,165.4,167.6
434,TMUS,3,25.860317,4.110988,0.16087,0.015700001,6.461782667166394,226.795,241.45
328,MCO,3,42.001823,21.364458,0.54016,0.0074,8.206977451448939,460.34,498.12
327,MNST,3,33.946873,9.105616,0.24615,,0.8745282150418809,54.315,54.79
323,MOH,3,16.909761,3.9746547,0.26454002,,10.704568344783016,332.615,368.22
274,KEYS,3,29.68714,5.1315484,0.18031,,10.629081269800245,154.67,171.11
273,KEY,3,inf,1.1849161,0.0096700005,0.0481,6.316010351822032,17.1564,18.24
264,JKHY,3,35.435947,7.330512,0.22128999,0.0119,0.8579290994442212,185.33,186.92
261,IRM,3,160.53206,,0.81127,0.0234,-10.322245737331793,125.215,112.29
260,IQV,3,27.968462,5.547765,0.22001,,19.131742153730503,212.84,253.56
322,MHK,3,15.770317,1.1232094,0.07457,,12.320629808552507,139.725,156.94
53,AVY,3,24.77671,6.935148,0.30241,0.0171,14.390232084887833,206.39,236.09
80,CDNS,3,76.81002,17.495642,0.27072,,6.966438803201536,291.11,311.39
76,BLDR,3,15.847576,4.865954,0.32498002,,15.010841163062217,179.87,206.87
74,BRO,3,29.167574,4.7362947,0.18144,0.0057,4.115091783829228,107.045,111.45
73,BR,3,36.963375,11.678508,0.31667998,0.0168,0.3617928332757314,216.975,217.76
450,TT,3,35.32844,11.423316,0.35146,0.0089,4.425054534122785,385.08,402.12
449,TSCO,3,26.715956,12.859485,0.5058,0.0163,4.941013690649565,274.64,288.21
448,TJX,3,27.478155,16.409624,0.66199,0.013300001,13.33804434237258,113.21,128.31
444,TSLA,3,69.981125,11.681706,0.20389,,-13.701221640214612,254.7313,219.83
442,TFX,3,40.779762,2.1299107,0.05412,0.0066000004,20.021408066948876,205.53,246.68
460,ULTA,3,15.405221,7.7268147,0.54978,,3.6731927318230495,383.59,397.68
456,TSN,3,,1.1592519,0.00081,0.0336,5.603667855323469,58.89,62.19
454,TFC,3,,0.9515081,-0.09505,0.0494,11.05070322656896,42.305,46.98
63,BIIB,3,16.006334,1.5752863,0.1047,,42.404025555492744,176.87,251.87
54,AXON,3,116.121056,17.28872,0.17232001,,-3.6758373747903694,441.26,425.04
313,META,3,26.88154,8.738378,0.36134,0.0036000002,12.381958565703188,569.6199,640.15
290,LIN,3,34.752274,5.575977,0.1619,0.0121,8.83308264120506,458.73,499.25
287,LDOS,3,21.45108,5.4489365,0.27035,0.0086,7.634377237410828,188.555,202.95
286,LVS,3,24.945545,10.662294,0.45166,0.0156,16.173844016669968,50.39,58.54
285,LW,3,18.531689,6.1287947,0.37015,0.0186,-1.1843688643992545,78.945,78.01
6,AMD,3,124.93548,4.0208793,0.03262,,31.28191470146362,141.1771,185.34
49,ADSK,3,59.62066,25.336319,0.57445997,,2.8726268672074617,291.545,299.92
44,ANET,3,52.37078,15.023285,0.34463,,-6.002405425847169,403.255,379.05
39,AAPL,3,36.62159,59.20507,1.5741299,0.0045,7.404758648674692,223.0255,239.54
37,AON,3,31.575045,12.765334,0.82182,0.0074,5.20011407928509,368.165,387.31
465,UNH,3,36.892788,5.2866416,0.15252,0.0150999995,9.655148120751011,567.78,622.6
464,URI,3,20.77055,6.07512,0.31401,0.0083,-1.2987831391355287,793.435,783.13
306,MA,3,38.143394,62.49536,1.7757801,0.0052,8.660466956865843,505.4,549.17
305,MAS,3,21.694149,,5.70874,0.014400001,7.306607821503008,81.57,87.53
304,MLM,3,18.10949,3.8917885,0.23437001,0.0054,9.230110473580533,583.85,637.74
476,V,3,30.185184,14.613737,0.50708,0.0081,9.536468984321743,293.4,321.38
471,VRSK,3,43.291683,132.59227,2.65609,0.0056,2.262575499265007,280.963,287.32
469,VLTO,3,31.935186,13.089184,0.5368,0.0034999999,10.6697593505364,103.47,114.51
34,APH,3,39.462856,8.806427,0.25293,0.0097,11.033883579496106,69.06,76.68
31,AMP,3,19.587032,8.709938,0.56751,0.0117,2.6239978125213836,512.005,525.44
27,AXP,3,20.214127,6.5101786,0.3469,0.0104,0.4550252994066417,274.71,275.96
23,AMCR,3,19.292454,3.7688906,0.1958,0.05,5.525672371638146,10.225,10.79
22,AMZN,3,42.559532,8.0786295,0.22558,,14.93202583008415,199.1786,228.92
502,ZTS,3,32.958725,16.053185,,0.0099,24.42648147093984,175.67,218.58
491,WST,3,48.186203,8.5557165,0.17778,0.0027,10.304056654607052,324.775,358.24
4,ACN,3,30.303932,7.669422,0.26674998,0.0172,10.366591734393914,346.98,382.95
3,ABBV,2,70.28572,52.558624,,0.0327,3.881618084473537,201.72,209.55
13,ALB,2,,1.2901623,-0.04103,0.0161,11.34198256638963,98.66,109.85
17,LNT,2,22.509727,2.1303625,0.096540004,0.0334,9.04062229904925,57.85,63.08
488,WEC,2,23.400976,2.5060878,0.105220005,0.0352,2.9046076690001144,95.71,98.49
277,KMI,2,21.98177,1.8149495,0.083500005,0.047,2.377674178925404,24.8394,25.43
497,XEL,2,19.578636,1.9573989,0.10262,0.033299997,7.168839042133968,65.98,70.71
492,WDC,2,73.08241,1.9763743,0.033239998,,36.90699947372378,66.505,91.05
318,MU,2,148.27144,2.5504363,0.01743,0.0045,37.036323345216296,103.79,142.23
309,MCD,2,26.045654,,,0.0242,9.081102946133623,296.66,323.6
321,MRNA,2,,1.7285247,-0.40941003,,72.98937784522003,52.72,91.2
320,MAA,2,34.68919,3.0262306,0.08611,0.038599998,6.025191533567065,154.02,163.3
314,MET,2,15.776876,1.7468836,0.13260001,0.0277,16.81666238107482,77.78,90.86
311,MDT,2,30.084175,2.389932,0.07948,0.031400003,7.520984890878557,89.35,96.07
272,KDP,2,19.61747,1.7690676,0.09052,0.028199999,17.549516351911578,32.565,38.28
325,MDLZ,2,24.453901,3.3106096,0.13552,0.0275,17.009860788863108,68.96,80.69
236,HRL,2,21.653847,2.1582909,0.10005,0.0368,3.92378491845633,30.965,32.18
341,NI,2,21.27439,1.951233,0.08756,0.0305,8.283175695041557,34.89,37.78
339,NEE,2,23.262226,3.2209086,0.09887999,0.026300002,13.42748205531823,78.3937,88.92
254,IP,2,49.085472,2.31209,0.04797,0.0327,-3.273550409193804,57.43,55.55
222,GS,2,15.33822,1.5775942,0.101969995,0.0235,4.408224099056057,523.34,546.41
197,FE,2,26.938711,1.9364189,0.083050005,0.040900003,13.112202131481254,41.755,47.23
212,GEN,2,28.833334,8.380799,0.2766,0.0177,6.253284287966365,28.545,30.33
237,HST,2,16.556604,1.8089054,0.10767999,0.046,18.689458689458682,17.55,20.83
329,MS,2,17.828527,2.068486,,0.0319,-0.7319771895480498,117.49,116.63
337,NWSA,2,60.597824,1.9536726,0.03943,0.0073,22.008968609865455,27.875,34.01
30,AWK,2,26.975248,2.5622098,0.097040005,0.0226,5.244999082400459,136.225,143.37
48,ATO,2,20.332348,1.7538382,0.090179995,0.0234,6.1169633127497125,137.65,146.07
47,T,2,17.939024,1.5466845,0.08759,0.0506,3.874915023793335,22.065,22.92
64,BLK,2,25.128075,3.7374868,,0.020599999,6.783138307601799,1011.405,1080.01
55,BKR,2,17.230942,2.3475683,0.14292,0.022,14.586857514638929,38.425,44.03
52,AVB,2,37.922035,2.7064233,0.07143,0.0311,5.282917672298204,223.74,235.56
102,CVX,2,16.804394,1.756409,,0.0423,10.685325660476064,152.92,169.26
389,QRVO,2,,1.9892296,-0.03908,,35.835891710856835,71.66,97.34
148,DLR,2,147.2459,2.9015377,0.01956,0.0275,-4.124916499665998,179.64,172.23
395,RTX,2,34.080692,2.5756288,0.073460005,0.0214,9.64823270759343,118.26,129.67
151,DLTR,2,,1.9421139,-0.12983,,24.053101327533177,66.665,82.7
157,DTE,2,16.620596,2.1914139,0.13638,0.0335,11.503342572965924,122.66,136.77
155,DOW,2,31.843332,1.8262281,0.05863,0.0584,18.35025646393804,47.765,56.53
397,REG,2,34.391514,2.0174325,0.0583,0.037100002,5.993690851735023,72.91,77.28
158,DUK,2,19.417809,1.8335867,0.092130005,0.037100002,9.303350970017643,113.4,123.95
418,SJM,2,16.298023,1.5803386,0.10090999,0.038,7.530981887511912,115.39,124.08
119,CAG,2,28.37745,1.588726,0.05605,0.048699997,8.343409915356714,28.945,31.36
121,ED,2,19.261164,1.5919085,0.08417,0.0335,3.029386561822678,99.195,102.2
413,SRE,2,17.383549,1.801045,0.1042,0.0307,11.41294327330833,81.355,90.64
404,ROL,2,49.72165,17.725101,0.38792,0.0138,4.0016587186398445,48.23,50.16
412,STX,2,26.22739,,,0.028800001,18.66009852216748,101.5,120.44
152,D,2,21.511068,1.8702277,0.085030004,0.0463,2.2043056865940436,58.295,59.58
383,PLD,2,34.39577,1.9891675,0.05662,0.0337,17.786561264822144,113.85,134.1
385,PEG,2,20.527094,2.6228166,,0.0293,8.519318454523628,83.34,90.44
164,EIX,2,23.83187,2.2510219,0.07411,0.0385,10.88890252131771,81.505,90.38
176,EQR,2,30.177216,2.5036757,0.08361,0.0385,9.927293064876963,71.52,78.62
178,ESS,2,33.7646,3.4183912,0.10176,0.0349,3.8283885477034874,289.025,300.09
173,EQT,2,50.146667,1.1028355,0.018229999,0.0171,11.459718160063815,37.61,41.92
170,ETR,2,17.59417,2.0652375,0.11951,0.0337,0.33839779005524484,144.8,145.29
169,ENPH,2,190.77173,12.727338,0.06312,,20.608512335479467,87.755,105.84
364,PARA,2,,0.4491974,-0.29097998,0.0184,7.560756075607555,11.11,11.95
376,PNC,2,15.930263,1.512917,0.099020004,0.0344,5.924491257859965,188.455,199.62
375,PNW,2,15.963099,1.5825573,0.10266,0.0418,6.160425335182618,86.52,91.85
373,PM,2,20.971384,,,0.0414,4.1164430293382015,131.91,137.34
379,PPL,2,29.220722,1.6980788,0.05864,0.0321,8.586403576383518,32.435,35.22
361,PKG,2,27.038416,5.018691,,0.0217,-1.7351244295186419,232.26,228.23
192,FRT,2,32.72965,3.2404664,0.09324,0.0395,9.228173017141849,112.59,122.98
186,EXR,2,44.58556,2.52296,0.05568,0.0396,5.211394302848582,166.75,175.44
113,CME,2,23.676842,2.8650217,0.12297,0.020599999,4.921531143022273,224.93,236.0
114,CMS,2,19.679998,2.609486,0.11501,0.0301,6.24274099883857,68.88,73.18
422,SO,2,20.606062,2.9088516,0.12713,0.0327,5.305429864253397,88.4,93.09
425,SBUX,2,29.31722,,,0.0251,3.122423742786462,97.04,100.07
472,VZ,2,17.816017,1.7985753,0.10431,0.066,12.938889563843992,41.155,46.48
499,YUM,2,24.889194,,,0.0202,7.649288053276404,135.895,146.29
78,BXP,2,76.58962,2.226992,0.058280002,0.048800003,-0.3756851635154379,81.185,80.88
81,CZR,2,,1.9671707,-0.063769996,,38.15161598184118,38.769,53.56
97,CNP,2,19.66,1.8243116,0.09573,0.028900001,4.747371990505256,29.49,30.89
67,BA,2,,,,,20.615101531182244,152.17,183.54
82,CPT,2,37.041138,2.8575265,0.07229,0.0355,8.586074327210591,117.05,127.1
25,AEE,2,19.656885,2.0134103,0.10446999,0.0312,2.4575103353238426,87.08,89.22
26,AEP,2,19.928,2.0280886,0.10514,0.0378,2.6395022079486186,99.64,102.27
218,GILD,1,110.17073,6.157306,0.05263,0.0343,-3.055125083019705,90.34,87.58
352,ORLY,1,28.76491,,,,10.740801280121115,1162.39,1287.24
72,AVGO,1,140.42276,2.916533,0.12509,0.0126,13.721630384437233,172.72,196.42
470,VRSN,1,20.889732,,,,12.855746404133495,179.025,202.04
477,VST,1,88.28467,13.398692,0.12665,0.0077,17.346010748243067,120.95,141.93
36,ANSS,1,57.6164,5.109483,0.094289996,,4.6145369392534,326.685,341.76
333,NDAQ,1,45.843372,3.9503736,0.10888,0.0128,7.056504599211566,76.1,81.47
493,WY,1,43.56164,2.3281353,0.052989997,0.0252,16.35220125786163,31.8,37.0
12,AKAM,1,24.930521,3.2100067,0.13906,,17.726684582462426,100.47,118.28
307,MTCH,1,16.015217,,,,15.922356454459074,36.835,42.7
278,KKR,1,32.836105,5.66047,,0.0050999997,14.684606481481467,138.24,158.54
259,INVH,1,44.430553,1.9762772,0.04369,0.0352,19.599874960925277,31.99,38.26
282,LHX,1,39.4731,2.489025,0.06258,0.0188,10.915140097005649,249.47,276.7
283,LH,1,43.614803,2.354707,0.05432,0.0127,14.509462693060682,229.85,263.2
315,MTD,1,38.143883,,,,1.430057953839281,1383.86,1403.65
265,J,1,27.763779,2.648539,0.093260005,0.0083,9.926262053318213,141.04,155.04
262,JBHT,1,33.592728,4.6570716,0.14192,0.0095,2.630439489066916,184.76,189.62
267,JCI,1,31.361343,3.12249,0.1042,0.0199,8.13236870310825,74.64,80.71
241,HUM,1,22.708298,1.7824165,0.078379996,0.0139,9.891927233567955,260.01,285.73
484,DIS,1,36.984676,1.7421358,0.0546,0.0094,14.990158499948203,96.53,111.0
490,WELL,1,85.36942,2.7323506,0.03417,0.02,-0.2014474371409447,134.03,133.76
276,KIM,1,45.333332,1.568125,0.03829,0.041300002,0.7352941176470562,24.48,24.66
310,MCK,1,23.646265,,,0.0054,10.413741688647349,528.494,583.53
302,MAR,1,27.290882,,,0.0098,-2.0376025042730173,260.355,255.05
295,LOW,1,22.131298,,,0.0174,1.309652624902058,268.01,271.52
211,GEV,1,74.41608,9.121678,,,-3.4945040981002595,314.78,303.78
225,HAS,1,,7.2215,-0.36224997,0.0424,18.457382953181266,66.64,78.94
233,HOLX,1,24.033133,3.7398643,0.13846,,10.928687805489412,79.79,88.51
245,IEX,1,34.715168,4.45712,0.13592,0.0126,2.786943726032276,224.26,230.51
252,ICE,1,37.203793,3.3091645,0.09408,0.0117,16.006369426751597,157.0,182.13
249,IR,1,47.502438,3.8255744,0.08479,0.0008,7.783939207229418,97.38,104.96
227,DOC,1,45.571426,1.8238994,0.04085,0.0546,11.19570085087327,22.33,24.83
232,HLT,1,50.179104,,,0.0026,-0.492903883742668,235.34,234.18
228,HSIC,1,25.575645,2.5079606,0.07253,,7.632376280478992,69.31,74.6
213,GNRC,1,37.404163,4.4334145,0.123780005,,-1.2699119973265005,179.54,177.26
271,KVUE,1,40.76316,4.37159,0.10548,0.0356,2.560791908758331,23.235,23.83
332,MSCI,1,38.68421,,,0.0109,9.948979591836737,588.0,646.5
269,JNPR,1,51.407894,2.7845485,0.055760004,0.0226,1.2285641156897897,39.07,39.55
175,EQIX,1,81.45049,6.425766,0.08267,0.019,6.101678058160154,904.915,960.13
124,COO,1,58.82123,2.6452115,0.0465,0.0002,8.215405071706705,105.29,113.94
410,SBAC,1,36.0,,,0.0171,14.440939362075,228.24,261.2
174,EFX,1,59.800003,6.7918534,0.11927,0.0058999998,19.32738758825714,269.1,321.11
380,PFG,1,,1.67255,-0.01274,0.0358,6.807368549469306,81.97,87.55
198,FI,1,39.155407,4.165982,0.10618,,7.185997781338593,202.825,217.4
359,OTIS,1,25.012438,,,0.015700001,-0.6166086524117209,100.55,99.93
202,FTV,1,28.63,2.3524287,0.08615,0.0045,19.55291652113167,71.575,85.57
190,FICO,1,105.50863,,,,-4.005415941317381,2016.27,1935.51
386,PTC,1,76.99187,7.5422106,0.10524999,,6.367476240760306,189.4,201.46
165,EW,1,28.23708,5.3967853,,,12.725935818846178,66.6395,75.12
172,EPAM,1,27.32475,3.200724,0.12299,,16.18324607329842,191.0,221.91
168,EMR,1,39.65973,3.2284472,0.06474,0.0191,6.974192625101372,117.3928,125.58
501,ZBH,1,20.654581,1.7457297,0.08713,0.0089,15.069758846900116,108.23,124.54
500,ZBRA,1,51.439453,5.696292,0.11873999,,7.757617435463415,378.08,407.41
481,WAB,1,32.085,3.256699,0.103690006,0.0042,5.334787803231,192.51,202.78
45,AJG,1,53.83016,5.0793223,0.10321999,0.0085,4.502428475201192,282.07,294.77
70,BSX,1,70.58678,6.077274,0.08916,,13.675213675213694,85.41,97.09
446,TXT,1,18.135666,2.2118437,0.12597999,0.001,18.44835907335909,82.88,98.17
409,CRM,1,51.612606,4.9330535,0.09734,0.0054,7.085393693822728,296.7725,317.8
408,SPGI,1,43.091873,4.452924,0.099309996,0.0075,19.237392373923722,487.8,581.64
143,DELL,1,24.484346,,,0.0137,10.184279804437768,132.95,146.49
405,ROP,1,40.09151,3.1460805,0.08238,0.0055,12.751270156836746,543.24,612.51
390,PWR,1,58.04059,6.5670204,0.12696,0.0011999999,5.1401869158878455,314.58,330.75
392,DGX,1,20.73387,2.5373797,0.13224,0.0194,9.458057824452236,154.26,168.85
153,DPZ,1,26.38477,,,0.0139999995,11.164366388534175,428.7525,476.62
137,DHR,1,47.387524,3.5291138,0.07586,0.0044,15.023137067177261,250.68,288.34
126,GLW,1,246.63159,3.435484,0.019299999,0.0238,15.066154502774221,46.86,53.92
128,CTVA,1,49.095238,1.7040854,0.03415,0.0111,3.2169414807630137,61.86,63.85
402,RVTY,1,60.19231,1.9444013,0.03308,0.0022,12.228434504792318,125.2,140.51
166,EA,1,39.623077,5.4893255,0.13962,0.005,4.491037339028026,154.53,161.47
371,PFE,1,37.18,1.8018222,,0.060500003,18.881118881118873,27.885,33.15
372,PCG,1,17.192308,1.6377627,0.09972,0.002,14.591101168282394,20.115,23.05
428,STE,1,40.272564,3.5377343,0.08967,0.0101,10.569570185461895,227.54,251.59
447,TMO,1,35.200127,4.380641,0.12944001,0.0028,17.17015095617458,561.09,657.43
86,KMX,1,27.708647,1.8526758,0.06853,,8.879994572959781,73.705,80.25
85,CAH,1,21.868269,,,0.018099999,9.941520467836252,113.715,125.02
71,BMY,1,,6.6503015,-0.3133,0.0433,-5.07871564529041,56.215,53.36
88,CARR,1,43.364704,4.504461,0.13931,0.0105,10.458491589799257,73.72,81.43
424,SWK,1,,1.67231,-0.02031,0.0347,13.358512553193691,96.111,108.95
423,LUV,1,,1.7581658,-0.00447,0.0241,-3.0471821756225426,30.52,29.59
421,SOLV,1,31.188036,4.3963857,0.14497,,-8.015894765689247,72.98,67.13
105,CHD,1,46.587444,6.067632,0.13338,0.011,4.158244296852431,103.89,108.21
99,CRL,1,22.302631,2.5849879,0.12603,,11.246983105390186,186.45,207.42
100,SCHW,1,27.865234,3.7523012,,0.014099999,6.147052638957051,71.335,75.72
2,ABT,1,35.820667,5.136419,0.14840001,0.0187,10.318201103097158,117.85,130.01
478,VMC,1,42.47578,4.5635314,0.11133,0.0068,6.980080560613566,271.845,290.82
468,VTR,1,,2.7636724,-0.00543,0.027999999,5.331882480957573,64.33,67.76
32,AME,1,31.636536,4.39822,0.14886,0.0062,6.798859211525499,181.5937,193.94
455,TYL,1,110.20293,7.875134,0.077259995,,10.912227733448375,602.81,668.59
24,AMTM,1,17.85119,,,,,29.99,
68,BKNG,1,32.922066,,,0.0073,1.855460128241715,4870.49,4960.86
51,AZO,1,20.497995,,,,9.322296475315461,3066.09,3351.92
92,CBRE,1,43.333332,4.633699,0.11434,,1.85212845407019,133.9,136.38
441,TDY,1,23.252787,2.2306187,0.103140004,,11.945273523452649,459.01,513.84
451,TDG,1,49.128414,,,,12.07769382144841,1331.38,1492.18
459,UDR,1,112.6579,4.0697784,0.02841,0.0404,8.502686288250416,42.81,46.45
35,ADI,1,65.22934,3.0554538,0.04658,0.0164,17.874191799646667,216.5614,255.27
59,BDX,1,47.53307,2.650286,0.05633,0.0162,17.462793541043055,237.19,278.61
58,BAX,1,,2.399893,-0.02219,0.0324,13.570634037819818,35.96,40.84
56,BALL,1,24.904165,2.6835182,0.14048,0.0135,18.771959176844554,59.77,70.99
248,INCY,0,856.49994,4.686588,0.00802,,0.3308036582992946,77.085,77.34
338,NWS,0,64.72826,2.0868378,0.03943,0.0068,,29.775,
253,IFF,0,,1.7833698,-0.14678,0.0162,6.356230513929395,99.43,105.75
495,WTW,0,,4.1469984,-0.08361,0.0116,7.197818252654131,308.01,330.18
362,PLTR,0,254.5,25.462732,0.12409,,-43.32023575638506,50.9,28.85
194,FIS,0,89.53608,2.85672,0.03034,0.0161,3.8341968911917323,86.85,90.18
159,DD,0,112.10257,1.5643618,0.01391,0.0186,10.132662397072266,87.44,96.3
132,CRWD,0,443.88928,26.315285,0.07334,,6.270789555823431,306.2836,325.49
129,CSGP,0,180.48358,4.1438313,0.02386,,19.942324258506574,75.8031,90.92
140,DAY,0,225.7794,4.7391653,0.02194,,1.608806096528359,76.765,78.0
89,CTLT,0,,2.9399357,-0.25393,,3.7751964468739407,58.54,60.75
436,TTWO,0,,4.7701206,-0.50901,,10.930885203452977,163.1286,180.96
75,BF.B,0,,,,,,,
62,TECH,0,81.0,5.704225,0.07287,0.0042,10.981156595191678,76.95,85.4
60,BRK.B,0,,,,,,,
473,VRTX,0,,8.282252,-0.029849999,,2.006529182259742,502.36,512.44
